{"cameraMode":{"drawMode":0,"name":"Shaded","section":"Shading Mode"},"sceneLighting":true,"audioPlay":false,"sceneViewState":{"m_AlwaysRefresh":false,"showFog":true,"showSkybox":true,"showFlares":true,"showImageEffects":true,"showParticleSystems":true,"showVisualEffectGraphs":true,"m_FxEnabled":true},"in2DMode":false,"pivot":{"x":4.7651238441467289,"y":0.7493960857391357,"z":0.4705023765563965},"rotation":{"x":0.0592215321958065,"y":0.6742772459983826,"z":-0.054395996034145358,"w":0.734088659286499},"size":2.9471330642700197,"orthographic":false}